ID,Date_of_birth,Sex
0,01/10/2005,M
1,18/12/1977,F
2,30/12/2017,M
3,29/04/1981,M
4,15/02/1987,M
5,09/11/2018,F
6,30/10/1991,F
7,19/06/1997,F
8,30/06/1980,F
9,22/08/1974,F
10,08/11/1986,M
11,11/04/1993,M
12,05/06/1992,F
13,13/05/1950,F
14,01/12/2003,M
15,24/11/1981,F
16,07/02/1978,F
17,03/04/1985,F
18,04/11/1970,F
19,13/08/1957,M
20,01/07/2004,M
21,14/07/1994,F
22,18/01/1973,F
23,28/10/2004,M
24,28/03/1980,M
25,27/10/1986,F
26,11/08/2008,M
27,21/07/1994,F
28,08/07/1982,F
29,14/10/1953,F
30,03/06/1975,M
31,01/03/1954,F
32,01/02/1985,F
33,10/08/1962,M
34,29/07/1955,F
35,18/01/1985,M
36,13/09/1970,F
37,21/08/1956,M
38,30/12/1978,F
39,22/06/2000,M
40,23/09/1977,F
41,07/06/1981,M
42,23/09/2011,F
43,25/03/1987,F
44,27/02/1984,M
45,31/12/1990,F
46,25/01/1983,F
47,04/09/2014,F
48,22/03/1983,F
49,30/12/2012,F
50,15/05/1999,F
51,27/03/1963,M
52,13/03/1957,M
53,01/02/1996,M
54,27/02/1964,M
55,16/04/1957,F
56,12/07/2001,F
57,11/06/2009,F
58,28/05/1969,M
59,24/08/2006,F
60,21/07/1979,F
61,08/01/2001,M
62,02/04/1986,M
63,01/08/1950,F
64,10/07/1983,M
65,27/08/2010,F
66,09/07/1958,F
67,26/01/2010,F
68,26/01/1951,F
69,16/06/1966,M
70,06/01/1987,F
71,24/11/1972,F
72,05/08/1963,F
73,22/12/1951,F
74,13/06/2016,F
75,12/02/2015,F
76,09/10/1971,M
77,28/01/1993,M
78,01/03/1976,M
79,16/04/2005,M
80,17/05/1993,M
81,01/12/1976,F
82,20/04/1987,F
83,28/03/1979,F
84,24/05/1965,M
85,13/08/1964,F
86,06/07/2010,F
87,28/07/1953,F
88,16/08/2008,F
89,12/03/1987,M
90,02/01/1994,F
91,11/06/1971,F
92,06/09/1999,M
93,07/09/1999,M
94,13/10/1984,M
95,08/01/1985,M
96,22/01/1953,M
97,25/10/1953,M
98,12/03/2018,F
99,18/11/2006,F
100,09/02/1961,M
101,15/02/1998,M
102,11/10/1966,F
103,30/01/1954,F
104,18/08/1989,M
105,19/05/1979,M
106,12/05/1966,F
107,21/11/1968,F
108,04/08/2003,M
109,23/02/1965,F
110,28/04/2015,F
111,17/11/1991,F
112,03/03/1987,M
113,16/06/1983,M
114,05/04/2009,F
115,28/02/2014,M
116,14/06/1983,F
117,19/01/1989,M
118,02/08/1965,M
119,02/06/1979,M
120,24/06/1959,F
121,07/02/2000,M
122,28/08/2000,F
123,26/09/1968,F
124,22/10/1961,M
125,02/12/1971,M
126,20/10/1989,M
127,26/02/1958,M
128,01/06/1950,F
129,01/03/2014,F
130,20/01/1985,M
131,16/10/1964,M
132,11/07/1961,M
133,30/12/2013,M
134,28/01/1985,F
135,18/02/1996,M
136,05/02/2009,M
137,31/08/2001,F
138,03/02/2008,M
139,21/07/1971,M
140,22/10/1954,M
141,02/02/1952,F
142,25/11/1978,M
143,23/11/1964,F
144,13/01/2010,F
145,01/09/1986,M
146,24/09/1990,M
147,20/01/1983,M
148,10/07/2000,F
149,24/09/1969,M
150,01/03/1975,F
151,28/12/1998,F
152,30/07/1977,F
153,29/10/1981,M
154,26/01/1974,M
155,14/06/1977,M
156,27/04/1996,M
157,04/01/1969,M
158,27/01/2003,M
159,12/10/1989,F
160,15/11/2008,M
161,30/12/1979,F
162,21/02/1981,F
163,29/10/1966,F
164,25/11/1986,M
165,17/05/1969,M
166,18/02/2015,M
167,01/02/1984,M
168,26/11/1989,F
169,16/09/2003,F
170,19/09/1965,M
171,02/12/1975,F
172,06/09/2016,F
173,05/04/1985,F
174,11/08/2004,M
175,07/05/2015,M
176,16/10/2005,F
177,05/09/1975,M
178,19/10/1982,M
179,01/09/1976,F
180,01/10/1970,M
181,24/07/1952,M
182,07/04/1975,F
183,01/05/1992,M
184,11/12/1966,F
185,20/06/2011,F
186,05/03/1964,M
187,11/12/1987,M
188,08/09/1954,M
189,08/04/1963,F
190,29/10/2003,M
191,18/06/2004,F
192,21/06/1971,M
193,13/10/1966,M
194,26/09/1971,M
195,08/07/1972,F
196,25/10/2004,F
197,14/03/1954,F
198,21/05/1997,M
199,24/12/1977,F