ID,Motif,Hopital,Date,Urgence,Bleeding,Heart_rate,Tension_rate,Conscious
56,2,SA,11/06/2021,0,,,,
20,8,SA,01/03/2021,0,,,,
59,9,SA,17/01/2021,1,1,90,7,0
132,6,SA,21/08/2021,0,,,,
142,8,P,13/09/2021,1,0,53,9,0
69,6,SA,25/04/2021,1,1,98,6,1
86,5,P,04/09/2021,1,1,54,8,0
54,6,P,20/12/2021,1,0,114,7,0
126,6,P,31/05/2021,1,0,50,14,1
186,2,P,01/01/2021,0,,,,
128,1,SA,16/02/2021,0,,,,
190,8,P,11/12/2021,0,,,,
163,5,P,28/01/2021,0,,,,
194,9,P,09/10/2021,1,0,37,6,1
70,2,P,16/04/2021,0,,,,
104,6,P,07/08/2021,0,,,,
114,8,SA,05/02/2021,1,1,109,9,1
134,5,SA,09/04/2021,1,0,137,5,1
173,8,P,03/08/2021,1,1,71,11,0
162,1,SA,29/10/2021,1,1,107,11,0
41,4,P,13/06/2021,1,1,105,9,0
147,8,SA,15/06/2021,1,0,120,5,0
119,9,SA,07/09/2021,0,,,,
191,3,P,17/07/2021,1,0,36,14,1
140,6,SA,22/01/2021,0,,,,
130,3,P,01/10/2021,1,1,77,10,0
188,10,SA,07/04/2021,0,,,,
151,7,SA,14/08/2021,0,,,,
56,5,P,03/04/2021,1,1,93,10,1
75,10,SA,06/04/2021,0,,,,
9,1,SA,22/12/2021,0,,,,
10,10,SA,04/08/2021,0,,,,
94,1,SA,25/01/2021,0,,,,
88,2,SA,20/03/2021,0,,,,
11,5,P,13/08/2021,0,,,,
171,7,P,02/11/2021,1,0,124,9,1
103,9,SA,30/04/2021,0,,,,
91,6,SA,06/03/2021,1,1,34,13,0
136,6,SA,19/06/2021,0,,,,
56,8,SA,13/04/2021,1,0,74,10,1
50,3,SA,11/09/2021,0,,,,
80,2,P,01/10/2021,1,0,39,13,1
102,4,SA,22/03/2021,1,0,132,5,1
22,9,P,18/03/2021,1,0,108,12,1
181,8,SA,31/12/2021,0,,,,
164,10,SA,04/12/2021,0,,,,
190,5,SA,24/04/2021,0,,,,
146,1,P,25/12/2021,1,0,70,15,1
19,4,SA,03/09/2021,0,,,,
40,8,P,30/05/2021,1,1,66,14,0
161,3,P,05/09/2021,1,0,49,5,0
190,7,P,16/04/2021,1,1,103,5,0
169,2,SA,28/06/2021,1,1,126,8,0
99,1,P,11/07/2021,1,0,51,13,1
22,2,SA,10/09/2021,0,,,,
158,10,SA,23/04/2021,0,,,,
97,2,P,16/06/2021,1,1,112,11,1
114,5,SA,18/08/2021,0,,,,
60,9,SA,16/10/2021,1,1,95,7,0
7,5,SA,05/10/2021,1,1,139,12,1
75,8,SA,26/04/2021,1,1,116,5,0
190,5,P,16/10/2021,1,0,89,15,0
152,1,SA,29/08/2021,1,0,140,9,1
129,5,SA,21/02/2021,0,,,,
112,1,P,14/03/2021,1,0,62,7,0
174,7,SA,31/10/2021,0,,,,
97,10,P,15/01/2021,1,0,122,8,0
138,8,SA,23/05/2021,1,0,121,14,1
174,7,P,08/04/2021,1,1,123,11,0
185,1,SA,28/07/2021,1,0,97,9,1
8,9,SA,10/06/2021,0,,,,
113,2,SA,03/04/2021,1,1,85,13,0
125,5,P,14/12/2021,0,,,,
55,1,P,23/06/2021,1,1,101,8,1
154,4,P,01/12/2021,1,0,33,8,0
120,2,P,29/08/2021,1,1,130,5,1
119,5,P,26/12/2021,0,,,,
45,3,SA,20/05/2021,1,1,112,10,1
30,7,P,16/03/2021,1,0,76,8,0
39,8,P,05/12/2021,0,,,,
191,3,SA,24/10/2021,1,1,65,6,1
123,1,SA,21/09/2021,0,,,,
46,1,SA,13/10/2021,1,0,103,6,0
119,10,P,14/07/2021,1,0,88,11,0
162,3,P,29/01/2021,0,,,,
32,5,P,20/06/2021,1,0,68,7,1
42,4,P,21/12/2021,1,0,119,7,1
80,8,P,18/12/2021,0,,,,
28,3,P,13/12/2021,0,,,,
30,9,SA,09/08/2021,0,,,,
172,2,P,10/07/2021,0,,,,
139,2,P,25/11/2021,1,1,124,9,0
53,4,P,22/03/2021,0,,,,
119,6,P,14/11/2021,1,0,59,14,1
120,6,P,20/10/2021,1,0,103,10,1
68,4,SA,09/03/2021,1,1,57,10,1
101,3,SA,15/03/2021,1,1,103,12,1
181,2,P,26/01/2021,1,0,130,10,0
33,8,SA,12/11/2021,0,,,,
148,5,SA,09/05/2021,0,,,,
46,2,P,16/07/2021,1,0,51,15,0
143,10,SA,21/09/2021,1,1,113,13,0
61,5,SA,25/08/2021,0,,,,
158,10,SA,02/11/2021,1,0,68,14,1
79,9,P,20/08/2021,1,1,47,12,0
51,10,P,28/11/2021,1,0,35,12,1
32,5,P,09/07/2021,1,1,56,12,0
45,8,SA,03/10/2021,0,,,,
104,9,SA,31/05/2021,0,,,,
199,2,SA,21/11/2021,0,,,,
189,6,P,04/09/2021,0,,,,
191,2,SA,29/11/2021,1,0,54,15,0
59,7,P,01/08/2021,0,,,,
187,3,P,08/06/2021,0,,,,
25,2,SA,28/09/2021,1,1,62,11,1
36,7,SA,19/06/2021,0,,,,
14,3,SA,17/05/2021,1,1,58,11,0
5,7,P,09/03/2021,1,0,84,5,0
78,2,SA,02/04/2021,1,1,48,12,1
48,5,SA,26/05/2021,1,1,66,13,0
24,4,SA,05/06/2021,1,0,108,11,1
131,1,SA,25/07/2021,0,,,,
144,6,P,02/10/2021,0,,,,
56,5,SA,31/12/2021,1,1,73,15,1
2,5,SA,03/04/2021,1,1,135,6,0
18,10,SA,09/03/2021,1,0,111,14,0
60,1,P,26/02/2021,1,0,128,9,1
147,4,P,28/03/2021,1,0,40,11,0
25,10,SA,12/08/2021,1,1,110,15,0
193,6,P,18/06/2021,1,0,85,5,1
47,1,P,19/06/2021,0,,,,
96,9,SA,22/05/2021,0,,,,
81,10,P,27/03/2021,0,,,,
150,10,P,23/08/2021,1,1,139,11,0
177,5,SA,20/07/2021,1,1,47,10,1
82,7,SA,22/06/2021,0,,,,
53,9,SA,04/09/2021,0,,,,
24,7,P,19/04/2021,1,0,134,15,0
17,3,P,22/05/2021,0,,,,
155,2,SA,13/06/2021,1,1,128,12,1
193,10,SA,02/10/2021,1,1,30,7,1
153,5,P,03/03/2021,1,1,61,9,0
147,8,SA,01/12/2021,1,0,128,8,0
43,6,P,19/03/2021,1,0,122,5,0
196,9,P,02/03/2021,1,0,109,15,0
4,10,SA,03/01/2021,0,,,,
189,1,SA,20/06/2021,1,0,114,10,0
10,3,P,01/06/2021,0,,,,
96,10,SA,13/03/2021,0,,,,
22,2,P,23/06/2021,1,1,84,11,0
117,7,SA,16/09/2021,0,,,,
125,8,P,28/08/2021,1,0,109,9,0
141,7,P,08/06/2021,0,,,,
99,4,SA,11/12/2021,0,,,,
191,4,SA,01/07/2021,0,,,,
0,4,SA,25/01/2021,1,1,46,9,0
157,10,P,03/02/2021,0,,,,
189,6,P,10/08/2021,0,,,,
54,8,SA,03/05/2021,1,0,47,15,0
69,10,P,25/02/2021,1,1,136,5,1
121,5,P,23/05/2021,1,0,66,13,1
106,10,P,05/04/2021,1,1,133,7,1
1,7,P,01/10/2021,1,0,69,6,0
123,8,SA,24/04/2021,1,1,68,6,1
89,6,P,03/12/2021,1,1,34,11,1
151,3,SA,24/09/2021,1,0,110,12,0
54,2,SA,30/05/2021,1,0,121,13,0
31,9,SA,21/01/2021,0,,,,
64,9,SA,18/04/2021,0,,,,
39,10,P,24/12/2021,1,0,60,6,0
9,1,SA,20/06/2021,0,,,,
139,7,SA,12/09/2021,0,,,,
115,1,SA,02/03/2021,1,0,34,5,1
21,5,SA,16/03/2021,0,,,,
133,9,P,15/12/2021,0,,,,
32,1,SA,21/12/2021,1,1,111,5,0
144,10,SA,17/03/2021,0,,,,
66,10,SA,09/03/2021,0,,,,
166,8,SA,16/03/2021,1,0,138,13,1
87,7,SA,29/07/2021,1,0,135,12,0
70,1,P,26/07/2021,1,0,106,9,1
123,4,P,31/08/2021,0,,,,
61,6,P,01/12/2021,0,,,,
178,6,P,28/12/2021,1,1,72,14,0
188,3,P,14/03/2021,0,,,,
68,1,P,29/04/2021,1,1,70,10,0
128,7,P,23/08/2021,0,,,,
4,9,P,23/03/2021,0,,,,
44,1,P,06/07/2021,0,,,,
27,6,P,02/07/2021,1,0,31,10,0
105,5,SA,01/04/2021,0,,,,
8,10,SA,02/03/2021,0,,,,
58,4,P,25/06/2021,0,,,,
112,2,P,11/01/2021,1,0,42,9,0
165,8,SA,19/04/2021,1,1,37,10,1
142,6,SA,02/06/2021,1,1,91,13,1
173,8,SA,08/08/2021,1,1,139,11,0
63,10,P,05/09/2021,1,0,43,15,0
166,8,P,10/02/2021,1,1,119,8,1
161,3,P,29/07/2021,1,0,89,12,0
126,4,P,24/10/2021,1,0,65,12,1
13,1,P,01/07/2021,0,,,,
55,10,P,07/11/2021,0,,,,
2,1,P,14/06/2021,0,,,,
76,6,SA,09/10/2021,0,,,,
181,6,P,10/10/2021,1,0,117,11,1
37,9,P,08/02/2021,1,0,68,12,0
7,3,SA,23/01/2021,0,,,,
96,7,P,08/11/2021,0,,,,
194,4,P,27/11/2021,1,0,136,9,0
19,8,SA,25/01/2021,0,,,,
140,1,SA,31/03/2021,1,0,100,5,1
48,5,SA,04/06/2021,1,0,136,8,1
116,4,SA,27/09/2021,1,1,87,11,1
1,9,SA,07/07/2021,1,0,71,8,1
153,9,SA,28/05/2021,1,0,94,7,0
174,7,P,15/06/2021,0,,,,
88,7,SA,15/09/2021,1,0,86,13,1
28,10,P,31/10/2021,1,0,36,10,1
0,4,P,03/03/2021,1,0,137,14,1
8,6,SA,28/07/2021,0,,,,
24,9,P,08/01/2021,0,,,,
180,4,P,04/07/2021,0,,,,
154,4,SA,02/03/2021,1,0,136,7,0
135,1,P,07/11/2021,0,,,,
22,10,SA,28/10/2021,1,1,133,12,1
29,9,SA,03/01/2021,0,,,,
10,10,SA,04/01/2021,1,1,90,7,0
6,6,P,13/03/2021,0,,,,
34,10,P,05/09/2021,0,,,,
155,3,P,04/06/2021,1,0,40,8,1
39,4,P,31/05/2021,0,,,,
12,1,SA,08/05/2021,0,,,,
110,3,SA,05/01/2021,1,1,82,13,1
130,7,SA,29/12/2021,0,,,,
95,8,P,14/12/2021,1,1,64,5,0
0,3,SA,28/12/2021,0,,,,
196,4,P,26/10/2021,0,,,,
172,7,P,04/02/2021,1,1,42,7,1
93,3,P,23/06/2021,0,,,,
25,4,P,25/03/2021,0,,,,
188,7,SA,27/09/2021,1,1,131,13,0
187,9,P,26/01/2021,0,,,,
162,3,P,15/03/2021,0,,,,
1,2,P,13/04/2021,1,1,50,13,1
167,10,SA,03/03/2021,1,0,111,8,1
146,8,SA,01/07/2021,1,0,128,5,0
3,5,P,05/03/2021,1,1,95,15,1
191,8,SA,18/08/2021,0,,,,
45,5,SA,31/01/2021,0,,,,
131,9,P,08/05/2021,1,0,135,10,0
181,10,P,01/07/2021,0,,,,
180,4,SA,12/05/2021,0,,,,
11,2,P,04/10/2021,1,1,47,10,1
94,5,P,09/11/2021,1,0,39,9,0
98,3,P,11/11/2021,0,,,,
142,4,SA,21/10/2021,1,1,101,10,1
55,9,SA,21/07/2021,1,1,76,11,0
181,9,SA,19/04/2021,1,0,56,13,0
142,1,SA,21/07/2021,1,1,61,8,0
171,9,SA,05/09/2021,1,1,43,11,0
157,9,SA,30/10/2021,0,,,,
90,9,P,13/09/2021,1,0,118,8,0
97,10,SA,01/12/2021,1,1,100,13,0
74,3,P,30/06/2021,1,0,122,10,1
180,1,SA,28/11/2021,1,1,106,7,1
176,6,SA,11/03/2021,0,,,,
4,10,SA,20/01/2021,1,0,45,9,1
34,2,SA,17/02/2021,0,,,,
193,2,SA,03/06/2021,0,,,,
89,1,P,25/03/2021,0,,,,
7,7,SA,02/02/2021,0,,,,
62,6,P,23/03/2021,0,,,,
140,10,P,13/09/2021,1,1,101,9,0
82,9,SA,21/12/2021,1,0,81,14,0
13,10,SA,11/08/2021,1,0,78,5,0
20,5,P,06/06/2021,0,,,,
37,9,SA,14/11/2021,0,,,,
197,10,P,09/08/2021,0,,,,
65,8,SA,01/01/2021,0,,,,
166,4,P,12/05/2021,0,,,,
28,8,P,21/08/2021,0,,,,
199,3,SA,13/01/2021,0,,,,
9,8,P,20/03/2021,0,,,,
106,8,SA,05/02/2021,1,1,38,15,1
64,7,P,15/01/2021,0,,,,
48,9,P,17/07/2021,1,0,129,12,1
73,8,P,21/08/2021,0,,,,
59,4,SA,14/12/2021,1,1,36,8,1
64,4,SA,24/10/2021,0,,,,
19,4,P,10/09/2021,1,1,31,6,1
192,10,SA,23/02/2021,0,,,,
146,10,SA,11/05/2021,0,,,,
32,9,P,01/06/2021,1,0,135,10,0
162,2,SA,17/08/2021,1,0,47,15,0
135,7,P,29/08/2021,0,,,,
107,2,P,01/12/2021,1,0,44,10,1
57,6,SA,14/10/2021,0,,,,
178,8,P,25/01/2021,1,1,127,8,0
80,7,SA,27/09/2021,0,,,,
90,2,P,01/09/2021,0,,,,
84,1,SA,27/03/2021,0,,,,
41,7,P,08/09/2021,1,1,117,8,1
24,10,SA,22/12/2021,0,,,,
125,4,P,02/07/2021,1,1,129,7,1
186,1,SA,04/05/2021,1,1,85,8,1
134,5,SA,24/05/2021,1,1,103,7,1
17,5,P,16/08/2021,1,0,51,14,1
26,3,P,03/03/2021,1,1,47,11,1
167,1,P,30/10/2021,0,,,,
175,10,P,15/12/2021,0,,,,
87,9,P,12/09/2021,0,,,,
44,10,P,10/07/2021,0,,,,
150,5,SA,04/06/2021,1,0,95,6,1
122,8,SA,10/02/2021,0,,,,
70,9,P,10/12/2021,0,,,,
16,10,P,24/10/2021,1,1,81,9,0
50,5,P,31/03/2021,0,,,,
23,6,SA,18/10/2021,1,1,95,11,1
47,1,P,19/05/2021,0,,,,
12,2,P,08/02/2021,0,,,,
16,3,P,22/09/2021,1,0,59,9,0
127,7,P,05/11/2021,1,0,90,8,1
166,1,P,26/03/2021,1,1,138,7,1
138,6,SA,25/01/2021,0,,,,
176,6,P,02/09/2021,0,,,,
38,10,SA,22/06/2021,0,,,,
72,7,SA,25/10/2021,0,,,,
69,2,P,06/10/2021,1,0,67,6,0
98,3,SA,11/06/2021,1,1,115,7,0
98,5,P,29/08/2021,0,,,,
23,5,SA,22/04/2021,1,0,101,8,1
44,4,SA,31/10/2021,1,0,97,15,0
41,9,SA,20/09/2021,1,1,66,9,0
93,3,P,20/03/2021,0,,,,
187,2,SA,13/07/2021,1,0,118,10,0
199,2,P,31/12/2021,1,0,33,11,0
108,9,SA,01/05/2021,0,,,,
83,5,SA,21/08/2021,1,0,88,7,0
8,7,SA,25/07/2021,0,,,,
134,4,SA,16/09/2021,0,,,,
17,8,P,04/04/2021,0,,,,
93,6,P,08/01/2021,0,,,,
109,2,P,19/03/2021,1,1,90,5,1
34,6,P,16/06/2021,0,,,,
13,9,SA,15/07/2021,0,,,,
182,10,P,20/04/2021,0,,,,
186,5,P,21/09/2021,0,,,,
145,2,P,13/05/2021,1,0,134,9,1
26,4,SA,07/03/2021,1,0,65,12,1
14,7,P,20/03/2021,1,1,70,6,0
59,7,P,10/07/2021,0,,,,
79,6,P,22/08/2021,1,0,53,11,0
126,4,SA,19/10/2021,0,,,,
89,1,P,11/10/2021,1,0,75,8,0
0,7,P,01/07/2021,0,,,,
168,10,SA,27/07/2021,0,,,,
87,7,P,08/11/2021,1,1,56,5,1
61,6,P,24/09/2021,1,0,58,8,1
147,8,P,21/09/2021,1,1,112,8,1
42,7,SA,24/05/2021,0,,,,
180,3,P,28/01/2021,1,0,30,11,0
59,10,P,16/04/2021,1,1,96,12,0
118,7,SA,22/12/2021,0,,,,
187,9,SA,18/05/2021,1,0,46,15,1
20,2,SA,03/02/2021,1,0,138,6,0
92,7,SA,27/02/2021,0,,,,
180,5,P,29/03/2021,1,1,53,8,1
67,3,SA,17/05/2021,1,1,92,10,0
198,6,P,27/08/2021,1,1,83,7,0
128,5,P,18/03/2021,0,,,,
26,1,P,12/09/2021,1,0,46,9,1
58,7,SA,06/08/2021,0,,,,
50,1,P,27/09/2021,1,1,95,13,0
87,2,SA,08/08/2021,1,1,63,10,0
187,8,SA,26/06/2021,1,0,41,6,1
101,4,SA,06/05/2021,0,,,,
27,3,SA,18/06/2021,0,,,,
149,5,P,10/04/2021,0,,,,
177,2,SA,26/11/2021,1,0,73,11,0
112,7,SA,18/05/2021,1,1,108,13,0
93,1,SA,26/01/2021,0,,,,
118,2,SA,29/11/2021,1,0,94,9,1
13,8,P,12/11/2021,1,1,54,15,1
138,4,SA,03/05/2021,0,,,,
37,5,P,10/03/2021,1,1,100,8,0
166,5,SA,08/04/2021,1,0,120,14,1
175,9,P,06/12/2021,1,0,86,11,0
9,7,P,03/03/2021,1,1,66,10,1
155,1,SA,14/10/2021,0,,,,
101,2,P,24/02/2021,1,0,39,8,1
177,8,P,02/03/2021,1,1,73,14,1
57,8,P,29/12/2021,0,,,,
139,10,SA,31/03/2021,1,0,107,5,0
174,3,P,29/09/2021,0,,,,
117,10,P,11/06/2021,0,,,,
119,4,SA,03/04/2021,1,1,65,11,1
138,3,SA,29/03/2021,1,0,62,12,1
71,3,SA,07/02/2021,1,0,126,7,1
36,7,SA,31/10/2021,1,1,52,10,0
82,6,P,06/07/2021,1,1,96,14,0
155,5,SA,03/12/2021,0,,,,
118,8,SA,02/05/2021,0,,,,
63,7,P,20/02/2021,1,1,81,13,1
173,3,P,30/09/2021,1,0,37,7,0
173,5,P,29/05/2021,0,,,,
186,6,SA,20/09/2021,0,,,,
171,8,SA,01/06/2021,1,1,36,6,0
104,7,P,17/07/2021,1,0,121,5,0
180,5,SA,03/09/2021,0,,,,
50,1,SA,12/04/2021,1,1,68,6,0
61,5,SA,20/12/2021,0,,,,
138,10,P,22/12/2021,1,1,67,11,0
89,8,P,20/11/2021,0,,,,
76,7,P,15/07/2021,1,0,33,7,1
116,9,SA,01/05/2021,1,1,57,6,1
179,5,SA,01/10/2021,1,0,100,12,0
46,6,SA,17/01/2021,0,,,,
7,5,P,26/12/2021,0,,,,
193,4,SA,06/08/2021,0,,,,
168,1,P,31/03/2021,0,,,,
25,4,SA,07/04/2021,0,,,,
56,1,SA,21/07/2021,0,,,,
53,8,P,16/09/2021,1,1,135,10,0
153,4,P,23/11/2021,1,1,30,12,1
66,4,SA,20/11/2021,1,0,104,12,1
31,7,P,30/07/2021,0,,,,
174,1,SA,16/10/2021,0,,,,
101,1,P,17/08/2021,1,0,32,7,0
94,2,SA,07/12/2021,1,0,84,15,0
124,2,P,30/07/2021,0,,,,
107,4,P,21/07/2021,1,0,85,8,0
5,7,SA,17/09/2021,1,0,49,13,1
49,3,SA,08/05/2021,0,,,,
198,6,SA,20/09/2021,1,0,69,10,1
61,7,SA,18/10/2021,1,0,37,6,1
29,5,SA,11/12/2021,1,0,58,9,0
21,2,SA,26/09/2021,1,1,105,12,0
145,5,P,25/04/2021,1,0,33,15,1
133,2,SA,06/11/2021,0,,,,
190,10,P,10/03/2021,0,,,,
52,3,SA,23/03/2021,0,,,,
169,7,P,17/03/2021,1,1,135,13,1
122,8,SA,20/10/2021,0,,,,
119,10,SA,29/01/2021,0,,,,
143,1,P,01/10/2021,1,1,130,5,1
58,2,P,18/12/2021,0,,,,
165,2,P,12/05/2021,1,0,55,14,1
53,3,SA,01/08/2021,1,0,130,12,1
192,3,SA,03/11/2021,1,0,43,13,1
27,3,P,13/06/2021,0,,,,
98,1,SA,27/04/2021,0,,,,
124,2,P,17/01/2021,0,,,,
5,3,SA,03/06/2021,0,,,,
5,3,P,29/12/2021,0,,,,
99,3,P,25/06/2021,0,,,,
95,6,P,16/04/2021,1,0,63,11,0
52,8,P,24/05/2021,1,0,76,11,1
25,5,P,10/07/2021,1,1,91,7,1
27,5,SA,10/05/2021,1,1,73,7,1
47,1,P,16/03/2021,0,,,,
46,9,SA,16/05/2021,0,,,,
110,8,SA,07/06/2021,0,,,,
75,4,SA,11/04/2021,1,1,43,5,1
79,5,SA,03/03/2021,0,,,,
118,9,P,29/08/2021,1,1,47,8,1
105,4,P,19/11/2021,0,,,,
158,9,P,26/04/2021,1,1,46,11,1
105,6,SA,07/10/2021,0,,,,
95,7,SA,06/09/2021,0,,,,
115,3,P,30/05/2021,1,1,73,13,0
46,4,SA,16/04/2021,1,1,135,6,0
37,10,SA,13/06/2021,1,0,50,5,1
89,8,SA,11/07/2021,0,,,,
105,2,SA,23/05/2021,0,,,,
12,2,P,12/12/2021,1,0,76,7,1
152,5,SA,18/10/2021,0,,,,
73,8,P,26/11/2021,1,1,86,12,1
104,9,P,21/04/2021,1,1,65,12,0
94,4,SA,14/01/2021,0,,,,
76,10,P,09/02/2021,1,0,98,12,1
181,4,SA,30/01/2021,0,,,,
20,2,SA,11/11/2021,1,1,111,14,1
44,5,P,13/12/2021,0,,,,
12,9,P,29/09/2021,1,1,43,6,1
135,4,SA,24/02/2021,0,,,,
4,1,P,08/02/2021,0,,,,
68,1,P,02/11/2021,0,,,,
145,3,P,21/01/2021,0,,,,
175,2,SA,21/02/2021,0,,,,
138,7,P,16/04/2021,0,,,,
34,9,P,15/02/2021,0,,,,
178,2,P,18/02/2021,0,,,,
135,3,SA,02/12/2021,1,1,137,8,1
19,2,P,12/08/2021,1,0,38,7,1
19,10,P,01/03/2021,0,,,,
159,3,SA,13/10/2021,1,1,41,14,0
31,9,SA,31/05/2021,0,,,,
111,5,SA,16/10/2021,0,,,,
179,3,SA,25/11/2021,0,,,,